<?xml version="1.0" encoding="UTF-8"?>
<application>
  <component name="ActionMacroManager">
    <macro name="code tag">
      <typing text-keycode="">&amp;amp;amp;amp;amp;amp;amp;amp;amp;amp;amp;amp;amp;amp;amp;amp;amp;amp;amp;amp;amp;amp;amp;amp;amp;amp;amp;amp;amp;amp;amp;amp;amp;amp;amp;amp;amp;amp;amp;amp;amp;amp;amp;amp;amp;amp;amp;amp;amp;amp;amp;amp;amp;amp;amp;amp;amp;amp;amp;amp;amp;amp;amp;amp;amp;amp;amp;amp;amp;amp;amp;amp;amp;amp;amp;amp;amp;amp;amp;amp;amp;lt;code&amp;amp;amp;amp;amp;amp;amp;amp;amp;amp;amp;amp;amp;amp;amp;amp;amp;amp;amp;amp;amp;amp;amp;amp;amp;amp;amp;amp;amp;amp;amp;amp;amp;amp;amp;amp;amp;amp;amp;amp;amp;amp;amp;amp;amp;amp;amp;amp;amp;amp;amp;amp;amp;amp;amp;amp;amp;amp;amp;amp;amp;amp;amp;amp;amp;amp;amp;amp;amp;amp;amp;amp;amp;amp;amp;amp;amp;amp;amp;amp;amp;gt;</typing>
      <action id="EditorNextWord" />
      <action id="EditorPreviousWord" />
      <action id="EditorNextWord" />
      <action id="EditorLeft" />
      <typing text-keycode="">&amp;amp;amp;amp;amp;amp;amp;amp;amp;amp;amp;amp;amp;amp;amp;amp;amp;amp;amp;amp;amp;amp;amp;amp;amp;amp;amp;amp;amp;amp;amp;amp;amp;amp;amp;amp;amp;amp;amp;amp;amp;amp;amp;amp;amp;amp;amp;amp;amp;amp;amp;amp;amp;amp;amp;amp;amp;amp;amp;amp;amp;amp;amp;amp;amp;amp;amp;amp;amp;amp;amp;amp;amp;amp;amp;amp;amp;amp;amp;amp;amp;lt;/code&amp;amp;amp;amp;amp;amp;amp;amp;amp;amp;amp;amp;amp;amp;amp;amp;amp;amp;amp;amp;amp;amp;amp;amp;amp;amp;amp;amp;amp;amp;amp;amp;amp;amp;amp;amp;amp;amp;amp;amp;amp;amp;amp;amp;amp;amp;amp;amp;amp;amp;amp;amp;amp;amp;amp;amp;amp;amp;amp;amp;amp;amp;amp;amp;amp;amp;amp;amp;amp;amp;amp;amp;amp;amp;amp;amp;amp;amp;amp;amp;amp;gt;</typing>
    </macro>
    <macro name="inject label variable - no creation">
      <action id="EditorLineEndWithSelection" />
      <action id="EditorLeftWithSelection" />
      <action id="EditorLeftWithSelection" />
      <action id="EditorCut" />
      <typing text-keycode="">label</typing>
      <action id="EditorLineStart" />
      <typing text-keycode="">label&amp;#x20;=</typing>
      <action id="EditorPaste" />
      <typing text-keycode="">;</typing>
      <action id="EditorEnter" />
      <action id="EditorDown" />
      <action id="EditorNextWord" />
      <action id="EditorNextWord" />
      <action id="EditorNextWord" />
      <action id="EditorRight" />
    </macro>
    <macro name="inject label variable">
      <action id="EditorLineEndWithSelection" />
      <action id="EditorLeftWithSelection" />
      <action id="EditorLeftWithSelection" />
      <action id="EditorCut" />
      <typing text-keycode="">label</typing>
      <action id="EditorLineStart" />
      <typing text-keycode="">label&amp;#x20;=</typing>
      <action id="EditorPaste" />
      <typing text-keycode="">;</typing>
      <action id="EditorEnter" />
      <action id="EditorLineEnd" />
    </macro>
    <macro name="label">
      <action id="EditorLineEndWithSelection" />
      <action id="EditorLeftWithSelection" />
      <action id="EditorLeftWithSelection" />
      <action id="EditorCut" />
      <typing text-keycode="">label</typing>
      <action id="EditorUp" />
      <action id="EditorEnter" />
      <typing text-keycode="">lae</typing>
      <action id="EditorBackSpace" />
      <typing text-keycode="">bel&amp;#x20;=</typing>
      <action id="EditorPaste" />
      <typing text-keycode="">;</typing>
      <action id="EditorDown" />
      <action id="EditorDown" />
      <action id="EditorLineStart" />
      <action id="EditorNextWord" />
      <action id="EditorNextWord" />
      <action id="EditorNextWord" />
      <action id="EditorRight" />
    </macro>
    <macro name="&lt;noname&gt;">
      <action id="EditorEnter" />
      <action id="EditorUp" />
      <action id="EditorUp" />
    </macro>
    <macro name="add list item tags, move down a line">
      <action id="EditorLineEndWithSelection" />
      <action id="SurroundWithLiveTemplate" />
      <action id="EditorDown" />
    </macro>
    <macro name="exceptionwrapper">
      <action id="EditorLeftWithSelection" />
      <action id="EditorLeftWithSelection" />
      <action id="EditorLeftWithSelection" />
      <action id="EditorDownWithSelection" />
      <action id="EditorLeftWithSelection" />
      <action id="EditorLeftWithSelection" />
      <action id="EditorLeftWithSelection" />
      <action id="EditorLeftWithSelection" />
      <action id="EditorLeftWithSelection" />
      <action id="EditorLeftWithSelection" />
      <action id="EditorLeftWithSelection" />
      <action id="IntroduceVariable" />
      <action id="NextTemplateVariable" />
      <action id="EditorUp" />
      <action id="MoveStatementUp" />
      <action id="EditorDown" />
      <action id="EditorNextWord" />
      <action id="EditorNextWord" />
      <action id="EditorNextWord" />
      <action id="EditorNextWord" />
      <action id="EditorNextWord" />
      <typing text-keycode="44:0;32:0;69:0">,&amp;#x20;e</typing>
      <action id="EditorChooseLookupItem" />
    </macro>
  </component>
</application>

