<application>
  <component name="CodeStyleSchemes">
    <option name="CURRENT_SCHEME_NAME" value="Default" />
  </component>
  <component name="GlobalAntConfiguration">
    <filtersTableLayout />
    <propertiesTableLayout />
  </component>
  <component name="NodeJsLocalInterpreters">
    <local-interpreter path="/usr/local/bin/node" />
  </component>
  <component name="PropertiesComponent">
    <property name="ChangesViewManager.DETAILS_SPLITTER_PROPORTION" value="0.39882854" />
    <property name="ColorChooser.RecentColors" value="0-0-227-255,,,88-137-255-255" />
    <property name="CommitChangeListDialog.DETAILS_SPLITTER_PROPORTION_2" value="0.8841642" />
    <property name="ExpandBeforeRunStepsPanel" value="true" />
    <property name="ExpandRunDashboardTypesPanel" value="false" />
    <property name="Gradle.Splitter.Proportion" value="0.34908321" />
    <property name="GradleSupport.showInternalTestNodes" value="false" />
    <property name="JUnit.Splitter.Proportion" value="0.33484164" />
    <property name="JUnitSupport.hidePassedTests" value="false" />
    <property name="KEYMAP" value="format&#10;forward&#10;back" />
    <property name="PluginConfigurable.selectionTab" value="1" />
    <property name="SettingsSearchHistory" value="proxy&#10;environment var&#10;keymap&#10;plug&#10;json" />
    <property name="TestNGSupport.hideConfig" value="true" />
    <property name="TestNGSupport.hidePassedTests" value="false" />
    <property name="TrendingPluginsSearchHistory" value="idetalk&#10;lombok" />
    <property name="build.toolwindow.Sync.selection.state" value="com.intellij.build.BuildTreeConsoleView" />
    <property name="build.toolwindow.run.selection.state" value="consoleView" />
    <property name="com.intellij.history.integration.ui.views.FileHistoryDialog.0" value="300" />
    <property name="com.intellij.history.integration.ui.views.FileHistoryDialog.1" value="800" />
    <property name="create.project.preferred.importer" value="Gradle" />
    <property name="decompiler.legal.notice.accepted" value="true" />
    <property name="defaultJdkConfigured" value="true" />
    <property name="evlsprt3.183" value="16" />
    <property name="file.gist.reindex.count" value="1092" />
    <property name="fileTypeChangedCounter" value="1" />
    <property name="installed.kotlin.plugin.version" value="1.3.11-release-IJ2018.3-1" />
    <property name="jdk.selected.JAVA_MODULE" value="1.8" />
    <property name="last.imported.location" value="$USER_HOME$/src/notificationpushproc" />
    <property name="project.wizard.group" value="JAVA_MODULE" />
    <property name="project.wizard.template" value="Java" />
    <property name="selected.color.option.type" value="YAML_ANCHOR" />
    <property name="settings.code.style.selected.tab.JAVA" value="Wrapping and Braces" />
    <property name="ts.lib.d.ts.version" value="3.2.1" />
  </component>
  <component name="PropertiesSeparatorManager">
    <file url="file://$USER_HOME$/src/productlaunchattr/src/main/resources/productlaunchattr-local.properties" separator="\u002e" />
    <file url="file://$USER_HOME$/src/commerce-api/src/main/resources/env-config.properties" separator="\u002e" />
    <file url="file://$USER_HOME$/src/commerce-api/src/dev/resources/com/nike/ClusterConfiguration.properties" separator="\u002e" />
    <file url="file://$USER_HOME$/src/commerce-api/src/dev/resources/config.properties" separator="\u002e" />
    <file url="file://$USER_HOME$/src/commerce-api/src/dev/resources/env-config.properties" separator="\u002e" />
    <file url="resourceBundle:file:///Users/tkirk/src/commerce-api/src/main/resources/com/nike/messages/messages" separator="\u002e" />
  </component>
  <component name="SelectProjectTemplateSettings">
    <option name="EXPERT_MODE" value="true" />
  </component>
  <component name="SystemNotifications">
    <option name="NOTIFICATIONS">
      <set>
        <option value="Compiler (errors)" />
        <option value="Compiler (success)" />
        <option value="TestRunner" />
      </set>
    </option>
  </component>
  <component name="VcsApplicationSettings" PATCH_STORAGE_LOCATION="$USER_HOME$/src/patches">
    <option name="PATCH_STORAGE_LOCATION" value="$USER_HOME$/src/patches" />
  </component>
  <component name="WebServicesPluginSettings" WebServicesUrlPathPrefix="/services" ASK_TO_INSTALL_SOAPUI="true" />
  <component name="com.intellij.ide.fileTemplates.impl.FileTemplateManagerImpl">
    <recent_templates>
      <option name="RECENT_TEMPLATES">
        <value>
          <list size="0" />
        </value>
      </option>
    </recent_templates>
  </component>
  <component name="com.intellij.javaee.ExternalResourceManagerImpl">
    <resource url="http://www.eclipse.org/jetty/configure_9_3.dtd" location="$USER_HOME$/Library/Caches/IntelliJIdea13/extResources/1f11884e_configure_9_3.dtd" />
    <resource url="http://maven.apache.org/plugins/maven-assembly-plugin/assembly/1.1.3" location="$USER_HOME$/Library/Caches/IntelliJIdea13/extResources/48c709e9_assembly-1.1.3.xsd" />
    <ignored-resource url="http://relaxng.org/ns/compatibility/annotations/1.0" />
    <ignored-resource url="urn:idea:xslt-plugin#extensions" />
    <ignored-resource url="tapestry:parameter" />
    <ignored-resource url="http://www.w3.org/1998/Math/MathML" />
    <ignored-resource url="http://exslt.org/dates-and-times" />
    <ignored-resource url="http://exslt.org/math" />
    <ignored-resource url="http://exslt.org/dynamic" />
    <ignored-resource url="http://exslt.org/common" />
    <ignored-resource url="http://exslt.org/sets" />
    <ignored-resource url="http://exslt.org/strings" />
    <ignored-resource url="http://www.w3.org/2000/svg" />
  </component>
  <component name="com.intellij.openapi.diff.impl.external.DiffManagerImpl" COMPARISON_POLICY="Default" />
</application>