<inspections profile_name="Trampas" version="1.0">
  <option name="myName" value="Trampas" />
  <option name="myLocal" value="true" />
  <inspection_tool class="AssignmentUsedAsCondition" enabled="true" level="WARNING" enabled_by_default="true" />
  <inspection_tool class="BadExceptionCaught" enabled="true" level="WARNING" enabled_by_default="true">
    <option name="exceptionsString" value="java.lang.NullPointerException,java.lang.IllegalMonitorStateException,java.lang.ArrayIndexOutOfBoundsException" />
    <option name="exceptions">
      <value />
    </option>
  </inspection_tool>
  <inspection_tool class="ConditionalExpressionWithIdenticalBranches" enabled="true" level="WARNING" enabled_by_default="true" />
  <inspection_tool class="DuplicateCondition" enabled="true" level="WARNING" enabled_by_default="true">
    <option name="ignoreMethodCalls" value="false" />
  </inspection_tool>
  <inspection_tool class="EnumSwitchStatementWhichMissesCases" enabled="true" level="WARNING" enabled_by_default="true">
    <option name="ignoreSwitchStatementsWithDefault" value="false" />
  </inspection_tool>
  <inspection_tool class="IfStatementWithIdenticalBranches" enabled="true" level="WARNING" enabled_by_default="true" />
  <inspection_tool class="IncrementDecrementUsedAsExpression" enabled="true" level="WARNING" enabled_by_default="true" />
  <inspection_tool class="InstanceofIncompatibleInterface" enabled="true" level="WARNING" enabled_by_default="true" />
  <inspection_tool class="InstantiationOfUtilityClass" enabled="true" level="WARNING" enabled_by_default="true" />
  <inspection_tool class="JavaDoc" enabled="false" level="INFO" enabled_by_default="false">
    <option name="TOP_LEVEL_CLASS_OPTIONS">
      <value>
        <option name="ACCESS_JAVADOC_REQUIRED_FOR" value="none" />
        <option name="REQUIRED_TAGS" value="" />
      </value>
    </option>
    <option name="INNER_CLASS_OPTIONS">
      <value>
        <option name="ACCESS_JAVADOC_REQUIRED_FOR" value="none" />
        <option name="REQUIRED_TAGS" value="" />
      </value>
    </option>
    <option name="METHOD_OPTIONS">
      <value>
        <option name="ACCESS_JAVADOC_REQUIRED_FOR" value="none" />
        <option name="REQUIRED_TAGS" value="@return@param@throws or @exception" />
      </value>
    </option>
    <option name="FIELD_OPTIONS">
      <value>
        <option name="ACCESS_JAVADOC_REQUIRED_FOR" value="none" />
        <option name="REQUIRED_TAGS" value="" />
      </value>
    </option>
    <option name="IGNORE_DEPRECATED" value="false" />
    <option name="IGNORE_JAVADOC_PERIOD" value="true" />
    <option name="IGNORE_DUPLICATED_THROWS" value="false" />
    <option name="IGNORE_POINT_TO_ITSELF" value="false" />
    <option name="myAdditionalJavadocTags" value="" />
  </inspection_tool>
  <inspection_tool class="JavadocReference" enabled="false" level="INFO" enabled_by_default="false" />
  <inspection_tool class="LoopConditionNotUpdatedInsideLoop" enabled="true" level="WARNING" enabled_by_default="true">
    <option name="ignoreIterators" value="false" />
  </inspection_tool>
  <inspection_tool class="MagicNumber" enabled="true" level="WARNING" enabled_by_default="true" />
  <inspection_tool class="MissingOverrideAnnotation" enabled="true" level="WARNING" enabled_by_default="true">
    <option name="ignoreObjectMethods" value="true" />
    <option name="ignoreAnonymousClassMethods" value="false" />
  </inspection_tool>
  <inspection_tool class="MisspelledCompareTo" enabled="true" level="WARNING" enabled_by_default="true" />
  <inspection_tool class="MisspelledToString" enabled="true" level="WARNING" enabled_by_default="true" />
  <inspection_tool class="MultipleDeclaration" enabled="true" level="WARNING" enabled_by_default="true">
    <option name="ignoreForLoopDeclarations" value="true" />
  </inspection_tool>
  <inspection_tool class="NegatedConditional" enabled="true" level="WARNING" enabled_by_default="true">
    <option name="m_ignoreNegatedNullComparison" value="true" />
  </inspection_tool>
  <inspection_tool class="NestedAssignment" enabled="true" level="WARNING" enabled_by_default="true" />
  <inspection_tool class="NestedConditionalExpression" enabled="true" level="WARNING" enabled_by_default="true" />
  <inspection_tool class="NonStaticFinalLogger" enabled="true" level="WARNING" enabled_by_default="true">
    <option name="loggerClassName" value="java.util.logging.Logger" />
  </inspection_tool>
  <inspection_tool class="ObjectEquality" enabled="true" level="WARNING" enabled_by_default="true">
    <option name="m_ignoreEnums" value="true" />
    <option name="m_ignoreClassObjects" value="false" />
    <option name="m_ignorePrivateConstructors" value="false" />
  </inspection_tool>
  <inspection_tool class="ObjectToString" enabled="true" level="WARNING" enabled_by_default="true" />
  <inspection_tool class="OctalAndDecimalIntegersMixed" enabled="true" level="WARNING" enabled_by_default="true" />
  <inspection_tool class="OverlyStrongTypeCast" enabled="true" level="WARNING" enabled_by_default="true">
    <option name="ignoreInMatchingInstanceof" value="false" />
  </inspection_tool>
  <inspection_tool class="SimplifiableIfStatement" enabled="false" level="WARNING" enabled_by_default="false" />
  <inspection_tool class="TrivialIf" enabled="false" level="WARNING" enabled_by_default="false" />
  <inspection_tool class="UNCHECKED_WARNING" enabled="false" level="WARNING" enabled_by_default="false" />
  <inspection_tool class="UnnecessaryBlockStatement" enabled="true" level="WARNING" enabled_by_default="true">
    <option name="ignoreSwitchBranches" value="false" />
  </inspection_tool>
  <inspection_tool class="UnnecessaryLocalVariable" enabled="false" level="WARNING" enabled_by_default="false">
    <option name="m_ignoreImmediatelyReturnedVariables" value="false" />
    <option name="m_ignoreAnnotatedVariables" value="false" />
  </inspection_tool>
  <inspection_tool class="UnnecessarySuperConstructor" enabled="true" level="WARNING" enabled_by_default="true" />
</inspections>