<keymap version="1" name="macOS copy" parent="Mac OS X 10.5+">
  <action id="CloseContent">
    <keyboard-shortcut first-keystroke="meta f4" />
  </action>
  <action id="EditorDeleteLine">
    <keyboard-shortcut first-keystroke="meta y" />
  </action>
  <action id="EditorJoinLines">
    <keyboard-shortcut first-keystroke="shift meta j" />
  </action>
  <action id="EditorSelectWord">
    <keyboard-shortcut first-keystroke="meta w" />
  </action>
  <action id="Exit" />
  <action id="Images.Thumbnails.Hide" />
  <action id="QuickImplementations">
    <keyboard-shortcut first-keystroke="alt space" />
  </action>
</keymap>