<inspections profile_name="EditorHightlightingSettings" version="1.0">
  <option name="myName" value="EditorHightlightingSettings" />
  <option name="myLocal" value="true" />
  <inspection_tool class="BooleanConstructor" enabled="false" level="WARNING" enabled_by_default="false" />
  <inspection_tool class="ClassNamingConvention" enabled="false" level="WARNING" enabled_by_default="false">
    <option name="m_regex" value="[A-Z][A-Za-z]*" />
    <option name="m_minLength" value="8" />
    <option name="m_maxLength" value="64" />
  </inspection_tool>
  <inspection_tool class="ClassWithoutToString" level="WARNING" enabled="false" />
  <inspection_tool class="CloneCallsSuperClone" enabled="false" level="WARNING" enabled_by_default="false" />
  <inspection_tool class="CloneDeclaresCloneNotSupported" enabled="false" level="WARNING" enabled_by_default="false" />
  <inspection_tool class="ConstantConditions" enabled="false" level="WARNING" enabled_by_default="false">
    <option name="SUGGEST_NULLABLE_ANNOTATIONS" value="false" />
    <option name="DONT_REPORT_TRUE_ASSERT_STATEMENTS" value="false" />
  </inspection_tool>
  <inspection_tool class="ConstantNamingConvention" enabled="false" level="WARNING" enabled_by_default="false">
    <option name="onlyCheckImmutables" value="false" />
    <option name="m_regex" value="[A-Z_]*" />
    <option name="m_minLength" value="5" />
    <option name="m_maxLength" value="32" />
  </inspection_tool>
  <inspection_tool class="ContinueOrBreakFromFinallyBlock" enabled="false" level="WARNING" enabled_by_default="false" />
  <inspection_tool class="EmptyCatchBlock" enabled="false" level="WARNING" enabled_by_default="false">
    <option name="m_includeComments" value="true" />
    <option name="m_ignoreTestCases" value="true" />
    <option name="m_ignoreIgnoreParameter" value="true" />
  </inspection_tool>
  <inspection_tool class="EmptyFinallyBlock" enabled="false" level="WARNING" enabled_by_default="false" />
  <inspection_tool class="EmptyStatementBody" enabled="false" level="WARNING" enabled_by_default="false">
    <option name="m_reportEmptyBlocks" value="false" />
  </inspection_tool>
  <inspection_tool class="EmptyTryBlock" enabled="false" level="WARNING" enabled_by_default="false" />
  <inspection_tool class="EqualsBetweenInconvertibleTypes" enabled="false" level="WARNING" enabled_by_default="false" />
  <inspection_tool class="ExtendsObject" enabled="false" level="WARNING" enabled_by_default="false" />
  <inspection_tool class="FinalPrivateMethod" enabled="false" level="WARNING" enabled_by_default="false" />
  <inspection_tool class="FinalStaticMethod" enabled="false" level="WARNING" enabled_by_default="false" />
  <inspection_tool class="FinalizeCallsSuperFinalize" enabled="false" level="WARNING" enabled_by_default="false">
    <option name="ignoreObjectSubclasses" value="false" />
    <option name="ignoreTrivialFinalizers" value="true" />
  </inspection_tool>
  <inspection_tool class="ForCanBeForeach" enabled="false" level="WARNING" enabled_by_default="false">
    <option name="REPORT_INDEXED_LOOP" value="true" />
    <option name="ignoreUntypedCollections" value="false" />
  </inspection_tool>
  <inspection_tool class="InfiniteLoopStatement" enabled="false" level="WARNING" enabled_by_default="false" />
  <inspection_tool class="InfiniteRecursion" enabled="false" level="WARNING" enabled_by_default="false" />
  <inspection_tool class="InstanceMethodNamingConvention" enabled="false" level="WARNING" enabled_by_default="false">
    <option name="m_regex" value="[a-z][A-Za-z]*" />
    <option name="m_minLength" value="4" />
    <option name="m_maxLength" value="32" />
  </inspection_tool>
  <inspection_tool class="InstanceVariableNamingConvention" enabled="false" level="WARNING" enabled_by_default="false">
    <option name="m_regex" value="m_[a-z][A-Za-z]*" />
    <option name="m_minLength" value="5" />
    <option name="m_maxLength" value="32" />
  </inspection_tool>
  <inspection_tool class="InterfaceNamingConvention" enabled="false" level="WARNING" enabled_by_default="false">
    <option name="m_regex" value="[A-Z][A-Za-z]*" />
    <option name="m_minLength" value="8" />
    <option name="m_maxLength" value="64" />
  </inspection_tool>
  <inspection_tool class="LocalVariableNamingConvention" enabled="false" level="WARNING" enabled_by_default="false">
    <option name="m_ignoreForLoopParameters" value="false" />
    <option name="m_ignoreCatchParameters" value="false" />
    <option name="m_regex" value="[a-z][A-Za-z]*" />
    <option name="m_minLength" value="1" />
    <option name="m_maxLength" value="20" />
  </inspection_tool>
  <inspection_tool class="LoopStatementsThatDontLoop" enabled="false" level="WARNING" enabled_by_default="false" />
  <inspection_tool class="ManualArrayCopy" enabled="false" level="WARNING" enabled_by_default="false" />
  <inspection_tool class="MethodNameSameAsClassName" enabled="false" level="WARNING" enabled_by_default="false" />
  <inspection_tool class="NoExplicitFinalizeCalls" enabled="false" level="WARNING" enabled_by_default="false" />
  <inspection_tool class="ParameterNamingConvention" enabled="false" level="WARNING" enabled_by_default="false">
    <option name="m_regex" value="[a-z][A-Za-z]*" />
    <option name="m_minLength" value="1" />
    <option name="m_maxLength" value="20" />
  </inspection_tool>
  <inspection_tool class="PointlessArithmeticExpression" enabled="false" level="WARNING" enabled_by_default="false">
    <option name="m_ignoreExpressionsContainingConstants" value="false" />
  </inspection_tool>
  <inspection_tool class="RedundantCast" enabled="false" level="WARNING" enabled_by_default="false" />
  <inspection_tool class="ReturnFromFinallyBlock" enabled="false" level="WARNING" enabled_by_default="false" />
  <inspection_tool class="StaticMethodNamingConvention" enabled="false" level="WARNING" enabled_by_default="false">
    <option name="m_regex" value="[a-z][A-Za-z]*" />
    <option name="m_minLength" value="4" />
    <option name="m_maxLength" value="32" />
  </inspection_tool>
  <inspection_tool class="StaticVariableNamingConvention" enabled="false" level="WARNING" enabled_by_default="false">
    <option name="checkMutableFinals" value="false" />
    <option name="m_regex" value="s_[a-z][A-Za-z]*" />
    <option name="m_minLength" value="5" />
    <option name="m_maxLength" value="32" />
  </inspection_tool>
  <inspection_tool class="StringConcatenationInLoops" enabled="false" level="WARNING" enabled_by_default="false">
    <option name="m_ignoreUnlessAssigned" value="false" />
  </inspection_tool>
  <inspection_tool class="StringConstructor" enabled="false" level="WARNING" enabled_by_default="false">
    <option name="ignoreSubstringArguments" value="false" />
  </inspection_tool>
  <inspection_tool class="StringEquality" enabled="false" level="WARNING" enabled_by_default="false" />
  <inspection_tool class="StringToString" enabled="false" level="WARNING" enabled_by_default="false" />
  <inspection_tool class="SynchronizeOnNonFinalField" enabled="false" level="WARNING" enabled_by_default="false" />
  <inspection_tool class="ThrowFromFinallyBlock" enabled="false" level="WARNING" enabled_by_default="false" />
  <inspection_tool class="TrivialIf" enabled="false" level="WARNING" enabled_by_default="false" />
  <inspection_tool class="UnnecessaryBoxing" enabled="false" level="WARNING" enabled_by_default="false" />
  <inspection_tool class="UnnecessaryReturn" enabled="false" level="WARNING" enabled_by_default="false" />
  <inspection_tool class="UnnecessarySemicolon" enabled="false" level="WARNING" enabled_by_default="false" />
  <inspection_tool class="UnnecessaryTemporaryOnConversionFromString" enabled="false" level="WARNING" enabled_by_default="false" />
  <inspection_tool class="UnnecessaryTemporaryOnConversionToString" enabled="false" level="WARNING" enabled_by_default="false" />
  <inspection_tool class="UnnecessaryUnboxing" enabled="false" level="WARNING" enabled_by_default="false" />
  <inspection_tool class="UnusedAssignment" enabled="false" level="WARNING" enabled_by_default="false">
    <option name="REPORT_PREFIX_EXPRESSIONS" value="false" />
    <option name="REPORT_POSTFIX_EXPRESSIONS" value="true" />
    <option name="REPORT_REDUNDANT_INITIALIZER" value="true" />
  </inspection_tool>
  <inspection_tool class="UnusedLabel" enabled="false" level="WARNING" enabled_by_default="false" />
</inspections>