<application>
  <component name="CachedDictionaryState">
    <words>
      <w>annum</w>
      <w>approver</w>
      <w>appsteam</w>
      <w>autowires</w>
      <w>claimlifecycle</w>
      <w>csagent</w>
      <w>cynoclast</w>
      <w>flatfilemappings</w>
      <w>histg</w>
      <w>integ</w>
      <w>itdba</w>
      <w>killzoom</w>
      <w>ofac</w>
      <w>pbcopy</w>
      <w>premiumbenefit</w>
      <w>purecare</w>
      <w>recuring</w>
      <w>retryable</w>
      <w>servicer</w>
      <w>servicers</w>
      <w>squaretrade</w>
      <w>subscrip</w>
      <w>trkirk</w>
      <w>upserted</w>
      <w>usqf</w>
      <w>zprofile</w>
      <w>µservice</w>
    </words>
  </component>
</application>