<application>
  <component name="ProjectManager">
    <defaultProject>
      <component name="ProjectInspectionProfilesVisibleTreeState">
        <entry key="Project Default">
          <profile-state>
            <expanded-state>
              <State />
              <State>
                <id>Abstraction issuesJava</id>
              </State>
              <State>
                <id>Android</id>
              </State>
              <State>
                <id>Angular</id>
              </State>
              <State>
                <id>Assignment issuesJava</id>
              </State>
              <State>
                <id>Class structureJava</id>
              </State>
              <State>
                <id>Code maturityJava</id>
              </State>
              <State>
                <id>Code style issuesJava</id>
              </State>
              <State>
                <id>CodePlugin DevKit</id>
              </State>
              <State>
                <id>Compiler issuesJava</id>
              </State>
              <State>
                <id>CorrectnessLintAndroid</id>
              </State>
              <State>
                <id>Declaration redundancyJava</id>
              </State>
              <State>
                <id>Dependency issuesJava</id>
              </State>
              <State>
                <id>EmbeddedPerformanceJava</id>
              </State>
              <State>
                <id>Error handlingJava</id>
              </State>
              <State>
                <id>Flow type checkerJavaScript and TypeScript</id>
              </State>
              <State>
                <id>General</id>
              </State>
              <State>
                <id>GeneralJavaScript and TypeScript</id>
              </State>
              <State>
                <id>Imports and dependenciesJavaScript and TypeScript</id>
              </State>
              <State>
                <id>Inheritance issuesJava</id>
              </State>
              <State>
                <id>InternationalizationJava</id>
              </State>
              <State>
                <id>JUnitJava</id>
              </State>
              <State>
                <id>JVM languages</id>
              </State>
              <State>
                <id>Java</id>
              </State>
              <State>
                <id>Java 11Java language level migration aidsJava</id>
              </State>
              <State>
                <id>Java 14Java language level migration aidsJava</id>
              </State>
              <State>
                <id>Java 15Java language level migration aidsJava</id>
              </State>
              <State>
                <id>Java 5Java language level migration aidsJava</id>
              </State>
              <State>
                <id>Java 7Java language level migration aidsJava</id>
              </State>
              <State>
                <id>Java 8Java language level migration aidsJava</id>
              </State>
              <State>
                <id>Java 9Java language level migration aidsJava</id>
              </State>
              <State>
                <id>Java interop issuesKotlin</id>
              </State>
              <State>
                <id>Java language level migration aidsJava</id>
              </State>
              <State>
                <id>JavaScript and TypeScript</id>
              </State>
              <State>
                <id>JavadocJava</id>
              </State>
              <State>
                <id>Jupyter</id>
              </State>
              <State>
                <id>Kotlin</id>
              </State>
              <State>
                <id>Kotlin Android</id>
              </State>
              <State>
                <id>LintAndroid</id>
              </State>
              <State>
                <id>MigrationKotlin</id>
              </State>
              <State>
                <id>Naming conventionsKotlin</id>
              </State>
              <State>
                <id>Nullability problemsProbable bugsJava</id>
              </State>
              <State>
                <id>Numeric issuesJava</id>
              </State>
              <State>
                <id>Package Search</id>
              </State>
              <State>
                <id>PerformanceJava</id>
              </State>
              <State>
                <id>PerformanceLintAndroid</id>
              </State>
              <State>
                <id>Plugin DevKit</id>
              </State>
              <State>
                <id>PortabilityJava</id>
              </State>
              <State>
                <id>Probable bugsJava</id>
              </State>
              <State>
                <id>ProductivityLintAndroid</id>
              </State>
              <State>
                <id>Pyramid</id>
              </State>
              <State>
                <id>Python</id>
              </State>
              <State>
                <id>Reflective accessJava</id>
              </State>
              <State>
                <id>Security</id>
              </State>
              <State>
                <id>SecurityLintAndroid</id>
              </State>
              <State>
                <id>Serialization issuesJava</id>
              </State>
              <State>
                <id>Spring</id>
              </State>
              <State>
                <id>Spring BootSpring</id>
              </State>
              <State>
                <id>Style issuesKotlin</id>
              </State>
              <State>
                <id>Test frameworksJVM languages</id>
              </State>
              <State>
                <id>Threading issuesJava</id>
              </State>
              <State>
                <id>TypeScriptJavaScript and TypeScript</id>
              </State>
              <State>
                <id>UsabilityLintAndroid</id>
              </State>
              <State>
                <id>Verbose or redundant code constructsJava</id>
              </State>
              <State>
                <id>VisibilityJava</id>
              </State>
              <State>
                <id>Workspace modelPlugin DevKit</id>
              </State>
            </expanded-state>
            <selected-state>
              <State>
                <id>Android</id>
              </State>
            </selected-state>
          </profile-state>
        </entry>
      </component>
      <component name="ProjectRootManager" version="2" languageLevel="JDK_1_8" project-jdk-name="1.8" project-jdk-type="JavaSDK" />
      <component name="ProjectViewState">
        <option name="flattenPackages" value="true" />
        <option name="hideEmptyMiddlePackages" value="true" />
        <option name="showLibraryContents" value="true" />
        <option name="showMembers" value="true" />
        <option name="showVisibilityIcons" value="true" />
      </component>
      <component name="PropertiesComponent"><![CDATA[{
  "keyToString": {
    "project.structure.last.edited": "Global Libraries",
    "project.structure.proportion": "0.0",
    "project.structure.side.proportion": "0.2",
    "settings.editor.selected.configurable": "Errors"
  }
}]]></component>
      <component name="masterDetails">
        <states>
          <state key="GlobalLibrariesConfigurable.UI">
            <settings>
              <last-edited>Python 3.9 interpreter library</last-edited>
              <splitter-proportions>
                <option name="proportions">
                  <list>
                    <option value="0.2" />
                  </list>
                </option>
              </splitter-proportions>
            </settings>
          </state>
          <state key="JdkListConfigurable.UI">
            <settings>
              <last-edited>1.8</last-edited>
              <splitter-proportions>
                <option name="proportions">
                  <list>
                    <option value="0.2" />
                  </list>
                </option>
              </splitter-proportions>
            </settings>
          </state>
          <state key="ProjectLibrariesConfigurable.UI">
            <settings>
              <splitter-proportions>
                <option name="proportions">
                  <list>
                    <option value="0.2" />
                  </list>
                </option>
              </splitter-proportions>
            </settings>
          </state>
        </states>
      </component>
    </defaultProject>
  </component>
</application>