<application>
  <component name="GeneralSettings">
    <option name="autoSaveIfInactive" value="true" />
    <option name="browserPath" value="C:\Documents and Settings\tk37823\Local Settings\Application Data\Google\Chrome\Application\chrome.exe" />
    <option name="confirmExit" value="false" />
    <option name="inactiveTimeout" value="30" />
    <option name="searchInBackground" value="true" />
    <option name="showTipsOnStartup" value="false" />
  </component>
  <component name="Registry">
    <entry key="ide.firstStartup" value="false" />
    <entry key="ide.tooltip.initialDelay" value="408" />
    <entry key="SBT.system.in.process" value="true" />
    <entry key="git.explicit.commit.renames.prohibit.multiple.calls" value="false" />
  </component>
</application>