<application>
  <component name="ProjectManager">
    <defaultProject>
      <component name="CompilerConfiguration">
        <annotationProcessing>
          <profile default="true" name="Default" enabled="true" />
        </annotationProcessing>
      </component>
      <component name="DefaultGradleProjectSettings">
        <option name="isMigrated" value="true" />
      </component>
      <component name="GradleLocalSettings">
        <option name="projectSyncType">
          <map>
            <entry key="$USER_HOME$/src/asgard" value="PREVIEW" />
            <entry key="$USER_HOME$/src/ashok/notificationpushproc" value="PREVIEW" />
            <entry key="$USER_HOME$/src/ather/notificationemailproc" value="PREVIEW" />
            <entry key="$USER_HOME$/src/helloworld" value="PREVIEW" />
            <entry key="$USER_HOME$/src/jon/notificationjwtio" value="PREVIEW" />
            <entry key="$USER_HOME$/src/nat/notificationjwtio" value="PREVIEW" />
            <entry key="$USER_HOME$/src/notificationarchive" value="PREVIEW" />
            <entry key="$USER_HOME$/src/notificationcommandservice" value="PREVIEW" />
            <entry key="$USER_HOME$/src/notificationcommon" value="PREVIEW" />
            <entry key="$USER_HOME$/src/notificationcompositecommandservice" value="PREVIEW" />
            <entry key="$USER_HOME$/src/notificationconfigs" value="PREVIEW" />
            <entry key="$USER_HOME$/src/notificationdataprovider" value="PREVIEW" />
            <entry key="$USER_HOME$/src/notificationemailproc" value="PREVIEW" />
            <entry key="$USER_HOME$/src/notificationeventproc" value="PREVIEW" />
            <entry key="$USER_HOME$/src/notificationjwtio" value="PREVIEW" />
            <entry key="$USER_HOME$/src/notificationmockservice" value="PREVIEW" />
            <entry key="$USER_HOME$/src/notificationpushproc" value="PREVIEW" />
            <entry key="$USER_HOME$/src/notificationqueryservice" value="PREVIEW" />
            <entry key="$USER_HOME$/src/notificationrouter" value="PREVIEW" />
            <entry key="$USER_HOME$/src/notificationschedulerservice" value="PREVIEW" />
            <entry key="$USER_HOME$/src/notificationsmsdataservice" value="PREVIEW" />
            <entry key="$USER_HOME$/src/notificationsmsproc" value="PREVIEW" />
            <entry key="$USER_HOME$/src/notificationstoredproc" value="PREVIEW" />
            <entry key="$USER_HOME$/src/notificationtestutilities" value="PREVIEW" />
            <entry key="$USER_HOME$/src/notificationwechatproc" value="PREVIEW" />
            <entry key="$USER_HOME$/src/personalrepos/jon/notificationdataprovider" value="PREVIEW" />
            <entry key="$USER_HOME$/src/personalrepos/jon/notificationjwtio" value="PREVIEW" />
            <entry key="$USER_HOME$/src/personalrepos/jon/notificationpushproc" value="PREVIEW" />
            <entry key="$USER_HOME$/src/preeti/notificationpushproc" value="PREVIEW" />
            <entry key="$USER_HOME$/src/preeti/notificationqueryservice" value="PREVIEW" />
            <entry key="$USER_HOME$/src/templaterenderer" value="PREVIEW" />
            <entry key="$USER_HOME$/src/time" value="PREVIEW" />
            <entry key="$USER_HOME$/src/vk/notificationcompositecommandservice" value="PREVIEW" />
            <entry key="$USER_HOME$/src/vk/notificationpushproc" value="PREVIEW" />
            <entry key="$USER_HOME$/src/vk/notificationqueryservice" value="PREVIEW" />
          </map>
        </option>
      </component>
      <component name="ProjectRootManager" version="2" languageLevel="JDK_1_8" project-jdk-name="1.8" project-jdk-type="JavaSDK" />
      <component name="PropertiesComponent">
        <property name="nodejs_interpreter_path.stuck_in_default_project" value="undefined stuck path" />
        <property name="nodejs_npm_path_reset_for_default_project" value="true" />
        <property name="project.structure.last.edited" value="SDKs" />
        <property name="project.structure.proportion" value="0.0" />
        <property name="project.structure.side.proportion" value="0.0" />
        <property name="settings.editor.selected.configurable" value="preferences.pluginManager" />
      </component>
      <component name="RunManager">
        <configuration default="true" type="Application" factoryName="Application">
          <option name="WORKING_DIRECTORY" value="$PROJECT_DIR$" />
          <method v="2">
            <option name="Make" enabled="true" />
          </method>
        </configuration>
        <configuration default="true" type="JUnit" factoryName="JUnit">
          <option name="TEST_OBJECT" value="class" />
          <option name="WORKING_DIRECTORY" value="%MODULE_WORKING_DIR%" />
          <method v="2">
            <option name="Make" enabled="true" />
          </method>
        </configuration>
        <configuration default="true" type="TestNG">
          <option name="TEST_OBJECT" value="CLASS" />
          <option name="WORKING_DIRECTORY" value="%MODULE_WORKING_DIR%" />
          <properties />
          <listeners />
          <method v="2">
            <option name="Make" enabled="true" />
          </method>
        </configuration>
      </component>
      <component name="masterDetails">
        <states>
          <state key="GlobalLibrariesConfigurable.UI">
            <settings>
              <splitter-proportions>
                <option name="proportions">
                  <list>
                    <option value="0.2" />
                  </list>
                </option>
              </splitter-proportions>
            </settings>
          </state>
          <state key="JdkListConfigurable.UI">
            <settings>
              <last-edited>1.8</last-edited>
              <splitter-proportions>
                <option name="proportions">
                  <list>
                    <option value="0.2" />
                  </list>
                </option>
              </splitter-proportions>
            </settings>
          </state>
          <state key="ProjectJDKs.UI">
            <settings>
              <last-edited>1.8</last-edited>
              <splitter-proportions>
                <option name="proportions">
                  <list>
                    <option value="0.2" />
                  </list>
                </option>
              </splitter-proportions>
            </settings>
          </state>
          <state key="ProjectLibrariesConfigurable.UI">
            <settings>
              <splitter-proportions>
                <option name="proportions">
                  <list>
                    <option value="0.2" />
                  </list>
                </option>
              </splitter-proportions>
            </settings>
          </state>
        </states>
      </component>
    </defaultProject>
  </component>
</application>