<application>
  <component name="UISettings">
    <option name="FONT_FACE" value=".SF NS Text" />
    <option name="EDITOR_TAB_LIMIT" value="8" />
    <option name="ANIMATE_WINDOWS" value="false" />
    <option name="HIDE_TOOL_STRIPES" value="false" />
    <option name="WIDESCREEN_SUPPORT" value="true" />
    <option name="SHOW_MAIN_TOOLBAR" value="true" />
    <option name="SHOW_CLOSE_BUTTON" value="false" />
    <option name="HIDE_KNOWN_EXTENSION_IN_TABS" value="true" />
    <option name="CLOSE_NON_MODIFIED_FILES_FIRST" value="true" />
    <option name="ACTIVATE_MRU_EDITOR_ON_CLOSE" value="true" />
    <option name="ENABLE_ALPHA_MODE" value="true" />
    <option name="MAX_CLIPBOARD_CONTENTS" value="50" />
    <option name="DISABLE_MNEMONICS" value="false" />
  </component>
</application>