<filetype binary="false" description="X12 834" name="X12 834">
  <highlighting>
    <options>
      <option name="LINE_COMMENT" value="" />
      <option name="COMMENT_START" value="" />
      <option name="COMMENT_END" value="" />
      <option name="HEX_PREFIX" value="" />
      <option name="NUM_POSTFIXES" value="" />
    </options>
    <keywords keywords="D8;DTP;GE;GS;HD;INS;ISA" ignore_case="false" />
    <keywords2 keywords="*;~" />
  </highlighting>
  <extensionMap>
    <mapping pattern=".834" />
  </extensionMap>
</filetype>