<application>
  <component name="ActionMacroManager">
    <macro name="&lt;noname&gt;">
      <typing text-keycode="47:0;68:1;69:0;77:0;79:0;71:0;82:0;65:0">/Demogra</typing>
      <shortuct text="ENTER" />
      <typing text-keycode="73:0">i</typing>
      <action id="EditorEnter" />
      <shortuct text="ENTER" />
      <shortuct text="ESCAPE" />
      <typing text-keycode="78:0;46:0">n.</typing>
      <action id="EditorEnter" />
      <typing text-keycode="78:0;46:0">n.</typing>
      <action id="EditorEnter" />
    </macro>
  </component>
</application>