<keymap version="1" name="macOS copy" parent="Mac OS X 10.5+">
  <action id="ActivateBigDataToolWindowToolWindow">
    <keyboard-shortcut first-keystroke="shift ctrl meta b" />
  </action>
  <action id="ChangesView.Move" />
  <action id="CloseContent">
    <keyboard-shortcut first-keystroke="meta f4" />
  </action>
  <action id="CopyReference">
    <keyboard-shortcut first-keystroke="shift meta alt c" />
    <keyboard-shortcut first-keystroke="shift ctrl alt c" />
  </action>
  <action id="EditorDeleteLine">
    <keyboard-shortcut first-keystroke="meta y" />
  </action>
  <action id="EditorJoinLines">
    <keyboard-shortcut first-keystroke="shift meta j" />
  </action>
  <action id="EditorSelectWord">
    <keyboard-shortcut first-keystroke="meta w" />
  </action>
  <action id="Exit" />
  <action id="Images.Thumbnails.Hide" />
  <action id="ManageRecentProjects">
    <keyboard-shortcut first-keystroke="shift meta m" />
  </action>
  <action id="MergeAllWindowsAction">
    <keyboard-shortcut first-keystroke="meta back_quote" />
  </action>
  <action id="NextWindow" />
  <action id="QuickImplementations">
    <keyboard-shortcut first-keystroke="alt space" />
  </action>
  <action id="Vcs.MoveChangedLinesToChangelist" />
</keymap>